FileName,EpitopeResidue,ParatopeResidue
5x2n_ag_A_B_ab_L_H.pdb,('D', 'A', 202),('Y', 'H', 26)
5x2n_ag_A_B_ab_L_H.pdb,('D', 'A', 202),('Y', 'H', 26)
5x2n_ag_A_B_ab_L_H.pdb,('D', 'A', 202),('Y', 'H', 26)
5x2n_ag_A_B_ab_L_H.pdb,('D', 'A', 202),('S', 'H', 27)
5x2n_ag_A_B_ab_L_H.pdb,('D', 'A', 202),('S', 'H', 27)
5x2n_ag_A_B_ab_L_H.pdb,('D', 'A', 202),('S', 'H', 27)
5x2n_ag_A_B_ab_L_H.pdb,('E', 'A', 204),('G', 'H', 30)
5x2n_ag_A_B_ab_L_H.pdb,('S', 'A', 203),('G', 'H', 30)
5x2n_ag_A_B_ab_L_H.pdb,('E', 'A', 204),('G', 'H', 30)
5x2n_ag_A_B_ab_L_H.pdb,('E', 'A', 204),('Y', 'H', 31)
5x2n_ag_A_B_ab_L_H.pdb,('E', 'A', 204),('Y', 'H', 31)
5x2n_ag_A_B_ab_L_H.pdb,('E', 'A', 204),('Y', 'H', 31)
5x2n_ag_A_B_ab_L_H.pdb,('S', 'A', 203),('Y', 'H', 31)
5x2n_ag_A_B_ab_L_H.pdb,('D', 'A', 202),('Y', 'H', 31)
5x2n_ag_A_B_ab_L_H.pdb,('S', 'A', 203),('Y', 'H', 31)
5x2n_ag_A_B_ab_L_H.pdb,('E', 'A', 204),('Y', 'H', 31)
5x2n_ag_A_B_ab_L_H.pdb,('S', 'A', 203),('Y', 'H', 31)
5x2n_ag_A_B_ab_L_H.pdb,('D', 'A', 202),('Y', 'H', 31)
5x2n_ag_A_B_ab_L_H.pdb,('S', 'A', 203),('Y', 'H', 31)
5x2n_ag_A_B_ab_L_H.pdb,('D', 'A', 202),('Y', 'H', 31)
5x2n_ag_A_B_ab_L_H.pdb,('E', 'A', 204),('S', 'H', 32)
5x2n_ag_A_B_ab_L_H.pdb,('E', 'A', 204),('S', 'H', 32)
5x2n_ag_A_B_ab_L_H.pdb,('E', 'A', 204),('S', 'H', 32)
5x2n_ag_A_B_ab_L_H.pdb,('L', 'A', 172),('N', 'H', 51)
5x2n_ag_A_B_ab_L_H.pdb,('L', 'A', 172),('N', 'H', 51)
5x2n_ag_A_B_ab_L_H.pdb,('I', 'A', 417),('Y', 'H', 53)
5x2n_ag_A_B_ab_L_H.pdb,('L', 'A', 172),('Y', 'H', 53)
5x2n_ag_A_B_ab_L_H.pdb,('N', 'A', 173),('Y', 'H', 53)
5x2n_ag_A_B_ab_L_H.pdb,('G', 'A', 169),('Y', 'H', 53)
5x2n_ag_A_B_ab_L_H.pdb,('G', 'A', 169),('Y', 'H', 53)
5x2n_ag_A_B_ab_L_H.pdb,('L', 'A', 419),('Y', 'H', 53)
5x2n_ag_A_B_ab_L_H.pdb,('G', 'A', 169),('Y', 'H', 53)
5x2n_ag_A_B_ab_L_H.pdb,('H', 'A', 418),('Y', 'H', 53)
5x2n_ag_A_B_ab_L_H.pdb,('I', 'A', 417),('N', 'H', 54)
5x2n_ag_A_B_ab_L_H.pdb,('I', 'A', 417),('N', 'H', 54)
5x2n_ag_A_B_ab_L_H.pdb,('I', 'A', 417),('N', 'H', 54)
5x2n_ag_A_B_ab_L_H.pdb,('I', 'A', 417),('N', 'H', 54)
5x2n_ag_A_B_ab_L_H.pdb,('N', 'A', 173),('N', 'H', 54)
5x2n_ag_A_B_ab_L_H.pdb,('N', 'A', 173),('N', 'H', 54)
5x2n_ag_A_B_ab_L_H.pdb,('K', 'A', 423),('D', 'H', 56)
5x2n_ag_A_B_ab_L_H.pdb,('N', 'A', 173),('D', 'H', 56)
5x2n_ag_A_B_ab_L_H.pdb,('K', 'A', 423),('D', 'H', 56)
5x2n_ag_A_B_ab_L_H.pdb,('S', 'A', 416),('R', 'H', 73)
5x2n_ag_A_B_ab_L_H.pdb,('I', 'A', 417),('R', 'H', 73)
5x2n_ag_A_B_ab_L_H.pdb,('S', 'A', 416),('R', 'H', 73)
5x2n_ag_A_B_ab_L_H.pdb,('I', 'A', 417),('R', 'H', 73)
5x2n_ag_A_B_ab_L_H.pdb,('I', 'A', 417),('R', 'H', 73)
5x2n_ag_A_B_ab_L_H.pdb,('I', 'A', 417),('R', 'H', 73)
5x2n_ag_A_B_ab_L_H.pdb,('S', 'A', 416),('R', 'H', 73)
5x2n_ag_A_B_ab_L_H.pdb,('E', 'A', 204),('S', 'H', 98)
5x2n_ag_A_B_ab_L_H.pdb,('E', 'A', 204),('G', 'H', 99)
5x2n_ag_A_B_ab_L_H.pdb,('S', 'A', 203),('R', 'H', 100)
5x2n_ag_A_B_ab_L_H.pdb,('S', 'A', 203),('R', 'H', 100)
5x2n_ag_A_B_ab_L_H.pdb,('S', 'A', 203),('R', 'H', 100)
5x2n_ag_A_B_ab_L_H.pdb,('E', 'A', 201),('R', 'H', 100)
5x2n_ag_A_B_ab_L_H.pdb,('I', 'A', 205),('R', 'H', 100)
5x2n_ag_A_B_ab_L_H.pdb,('S', 'A', 203),('R', 'H', 100)
5x2n_ag_A_B_ab_L_H.pdb,('E', 'A', 201),('R', 'H', 100)
5x2n_ag_A_B_ab_L_H.pdb,('I', 'A', 200),('R', 'H', 100)
5x2n_ag_A_B_ab_L_H.pdb,('I', 'A', 205),('R', 'H', 100)
5x2n_ag_A_B_ab_L_H.pdb,('S', 'A', 203),('R', 'H', 100)
5x2n_ag_A_B_ab_L_H.pdb,('E', 'A', 201),('R', 'H', 100)
5x2n_ag_A_B_ab_L_H.pdb,('I', 'A', 200),('R', 'H', 100)
5x2n_ag_A_B_ab_L_H.pdb,('E', 'A', 201),('R', 'H', 100)
5x2n_ag_A_B_ab_L_H.pdb,('I', 'A', 205),('R', 'H', 100)
5x2n_ag_A_B_ab_L_H.pdb,('E', 'A', 201),('R', 'H', 100)
5x2n_ag_A_B_ab_L_H.pdb,('I', 'A', 200),('R', 'H', 100)
5x2n_ag_A_B_ab_L_H.pdb,('W', 'A', 178),('G', 'H', 101)
5x2n_ag_A_B_ab_L_H.pdb,('W', 'A', 178),('G', 'H', 101)
5x2n_ag_A_B_ab_L_H.pdb,('W', 'A', 178),('A', 'H', 102)
5x2n_ag_A_B_ab_L_H.pdb,('R', 'A', 177),('A', 'H', 102)
5x2n_ag_A_B_ab_L_H.pdb,('W', 'A', 178),('A', 'H', 102)
5x2n_ag_A_B_ab_L_H.pdb,('W', 'A', 178),('P', 'H', 103)
5x2n_ag_A_B_ab_L_H.pdb,('W', 'A', 178),('P', 'H', 103)
5x2n_ag_A_B_ab_L_H.pdb,('R', 'A', 177),('P', 'H', 103)
5x2n_ag_A_B_ab_L_H.pdb,('R', 'A', 177),('P', 'H', 103)
5x2n_ag_A_B_ab_L_H.pdb,('W', 'A', 178),('P', 'H', 103)
5x2n_ag_A_B_ab_L_H.pdb,('W', 'A', 176),('P', 'H', 103)
5x2n_ag_A_B_ab_L_H.pdb,('W', 'A', 178),('P', 'H', 103)
5x2n_ag_A_B_ab_L_H.pdb,('W', 'A', 178),('P', 'H', 103)
5x2n_ag_A_B_ab_L_H.pdb,('N', 'A', 175),('T', 'H', 104)
5x2n_ag_A_B_ab_L_H.pdb,('N', 'A', 175),('T', 'H', 104)
5x2n_ag_A_B_ab_L_H.pdb,('N', 'A', 175),('T', 'H', 104)
5x2n_ag_A_B_ab_L_H.pdb,('N', 'A', 175),('T', 'H', 105)
5x2n_ag_A_B_ab_L_H.pdb,('E', 'A', 204),('T', 'H', 105)
5x2n_ag_A_B_ab_L_H.pdb,('N', 'A', 175),('T', 'H', 105)
5x2n_ag_A_B_ab_L_H.pdb,('R', 'A', 177),('T', 'H', 105)
5x2n_ag_A_B_ab_L_H.pdb,('E', 'A', 204),('T', 'H', 105)
5x2n_ag_A_B_ab_L_H.pdb,('N', 'A', 175),('T', 'H', 105)
5x2n_ag_A_B_ab_L_H.pdb,('E', 'A', 204),('A', 'H', 108)
5x2n_ag_A_B_ab_L_H.pdb,('N', 'A', 230),('Y', 'L', 31)
5x2n_ag_A_B_ab_L_H.pdb,('N', 'A', 230),('Y', 'L', 31)
5x2n_ag_A_B_ab_L_H.pdb,('W', 'A', 178),('Y', 'L', 31)
5x2n_ag_A_B_ab_L_H.pdb,('W', 'A', 178),('Y', 'L', 31)
5x2n_ag_A_B_ab_L_H.pdb,('N', 'A', 230),('Y', 'L', 31)
5x2n_ag_A_B_ab_L_H.pdb,('W', 'A', 178),('Y', 'L', 31)
5x2n_ag_A_B_ab_L_H.pdb,('N', 'A', 230),('Y', 'L', 31)
5x2n_ag_A_B_ab_L_H.pdb,('N', 'A', 230),('G', 'L', 32)
5x2n_ag_A_B_ab_L_H.pdb,('W', 'A', 178),('N', 'L', 33)
4ye4_ag_G_ab_L_H.pdb,('G', 'G', 219),('R', 'H', 29)
4ye4_ag_G_ab_L_H.pdb,('G', 'G', 219),('R', 'H', 29)
4ye4_ag_G_ab_L_H.pdb,('G', 'G', 219),('R', 'H', 29)
4ye4_ag_G_ab_L_H.pdb,('S', 'G', 218),('F', 'H', 51)
4ye4_ag_G_ab_L_H.pdb,('R', 'G', 311),('E', 'H', 52)
4ye4_ag_G_ab_L_H.pdb,('S', 'G', 218),('E', 'H', 52)
4ye4_ag_G_ab_L_H.pdb,('Q', 'G', 215),('E', 'H', 52)
4ye4_ag_G_ab_L_H.pdb,('R', 'G', 311),('E', 'H', 52)
4ye4_ag_G_ab_L_H.pdb,('Q', 'G', 215),('E', 'H', 52)
4ye4_ag_G_ab_L_H.pdb,('R', 'G', 311),('E', 'H', 52)
4ye4_ag_G_ab_L_H.pdb,('S', 'G', 218),('E', 'H', 52)
4ye4_ag_G_ab_L_H.pdb,('Q', 'G', 215),('K', 'H', 54)
4ye4_ag_G_ab_L_H.pdb,('Q', 'G', 215),('K', 'H', 54)
4ye4_ag_G_ab_L_H.pdb,('Q', 'G', 215),('K', 'H', 54)
4ye4_ag_G_ab_L_H.pdb,('S', 'G', 218),('F', 'H', 100)
4ye4_ag_G_ab_L_H.pdb,('G', 'G', 219),('F', 'H', 100)
4ye4_ag_G_ab_L_H.pdb,('S', 'G', 218),('F', 'H', 100)
4ye4_ag_G_ab_L_H.pdb,('G', 'G', 219),('F', 'H', 100)
4ye4_ag_G_ab_L_H.pdb,('A', 'G', 160),('H', 'H', 101)
4ye4_ag_G_ab_L_H.pdb,('N', 'G', 159),('H', 'H', 101)
4ye4_ag_G_ab_L_H.pdb,('T', 'G', 295),('N', 'H', 103)
4ye4_ag_G_ab_L_H.pdb,('T', 'G', 295),('N', 'H', 103)
4ye4_ag_G_ab_L_H.pdb,('G', 'G', 314),('N', 'H', 103)
4ye4_ag_G_ab_L_H.pdb,('G', 'G', 313),('N', 'H', 103)
4ye4_ag_G_ab_L_H.pdb,('T', 'G', 295),('N', 'H', 103)
4ye4_ag_G_ab_L_H.pdb,('T', 'G', 162),('N', 'H', 103)
4ye4_ag_G_ab_L_H.pdb,('T', 'G', 295),('N', 'H', 103)
4ye4_ag_G_ab_L_H.pdb,('A', 'G', 160),('N', 'H', 103)
4ye4_ag_G_ab_L_H.pdb,('T', 'G', 162),('N', 'H', 103)
4ye4_ag_G_ab_L_H.pdb,('A', 'G', 160),('N', 'H', 103)
4ye4_ag_G_ab_L_H.pdb,('T', 'G', 295),('N', 'H', 103)
4ye4_ag_G_ab_L_H.pdb,('A', 'G', 160),('N', 'H', 103)
4ye4_ag_G_ab_L_H.pdb,('T', 'G', 162),('N', 'H', 103)
4ye4_ag_G_ab_L_H.pdb,('K', 'G', 161),('N', 'H', 103)
4ye4_ag_G_ab_L_H.pdb,('T', 'G', 295),('G', 'H', 104)
4ye4_ag_G_ab_L_H.pdb,('T', 'G', 295),('A', 'H', 105)
4ye4_ag_G_ab_L_H.pdb,('T', 'G', 295),('A', 'H', 105)
4ye4_ag_G_ab_L_H.pdb,('T', 'G', 295),('A', 'H', 105)
4ye4_ag_G_ab_L_H.pdb,('N', 'G', 159),('A', 'H', 105)
4ye4_ag_G_ab_L_H.pdb,('R', 'G', 296),('A', 'H', 105)
4ye4_ag_G_ab_L_H.pdb,('D', 'G', 297),('V', 'H', 106)
4ye4_ag_G_ab_L_H.pdb,('G', 'G', 298),('V', 'H', 106)
4ye4_ag_G_ab_L_H.pdb,('G', 'G', 298),('V', 'H', 106)
4ye4_ag_G_ab_L_H.pdb,('D', 'G', 297),('V', 'H', 106)
4ye4_ag_G_ab_L_H.pdb,('G', 'G', 298),('D', 'H', 107)
4ye4_ag_G_ab_L_H.pdb,('G', 'G', 298),('D', 'H', 107)
4ye4_ag_G_ab_L_H.pdb,('G', 'G', 298),('D', 'H', 107)
4ye4_ag_G_ab_L_H.pdb,('N', 'G', 159),('D', 'H', 107)
4ye4_ag_G_ab_L_H.pdb,('G', 'G', 298),('D', 'H', 107)
4ye4_ag_G_ab_L_H.pdb,('N', 'G', 159),('D', 'H', 107)
4ye4_ag_G_ab_L_H.pdb,('G', 'G', 298),('D', 'H', 107)
4ye4_ag_G_ab_L_H.pdb,('N', 'G', 159),('D', 'H', 107)
4ye4_ag_G_ab_L_H.pdb,('G', 'G', 298),('F', 'H', 108)
4ye4_ag_G_ab_L_H.pdb,('G', 'G', 299),('F', 'H', 108)
4ye4_ag_G_ab_L_H.pdb,('N', 'G', 300),('F', 'H', 108)
4ye4_ag_G_ab_L_H.pdb,('N', 'G', 300),('F', 'H', 108)
4ye4_ag_G_ab_L_H.pdb,('G', 'G', 299),('F', 'H', 108)
4ye4_ag_G_ab_L_H.pdb,('G', 'G', 298),('F', 'H', 108)
4ye4_ag_G_ab_L_H.pdb,('D', 'G', 297),('F', 'H', 108)
4ye4_ag_G_ab_L_H.pdb,('D', 'G', 297),('F', 'H', 108)
4ye4_ag_G_ab_L_H.pdb,('N', 'G', 300),('F', 'H', 109)
4ye4_ag_G_ab_L_H.pdb,('N', 'G', 300),('F', 'H', 109)
4ye4_ag_G_ab_L_H.pdb,('N', 'G', 300),('F', 'H', 109)
4ye4_ag_G_ab_L_H.pdb,('N', 'G', 300),('F', 'H', 109)
4ye4_ag_G_ab_L_H.pdb,('G', 'G', 299),('F', 'H', 109)
4ye4_ag_G_ab_L_H.pdb,('G', 'G', 299),('F', 'H', 109)
4ye4_ag_G_ab_L_H.pdb,('N', 'G', 300),('S', 'H', 110)
4ye4_ag_G_ab_L_H.pdb,('N', 'G', 300),('S', 'H', 110)
4ye4_ag_G_ab_L_H.pdb,('K', 'G', 303),('H', 'L', 25)
4ye4_ag_G_ab_L_H.pdb,('G', 'G', 299),('Y', 'L', 29)
4ye4_ag_G_ab_L_H.pdb,('G', 'G', 299),('Y', 'L', 29)
4ye4_ag_G_ab_L_H.pdb,('G', 'G', 299),('Y', 'L', 29)
4ye4_ag_G_ab_L_H.pdb,('N', 'G', 159),('Y', 'L', 29)
4ye4_ag_G_ab_L_H.pdb,('G', 'G', 298),('Y', 'L', 29)
4ye4_ag_G_ab_L_H.pdb,('N', 'G', 159),('P', 'L', 31)
4ye4_ag_G_ab_L_H.pdb,('T', 'G', 157),('P', 'L', 31)
4ye4_ag_G_ab_L_H.pdb,('N', 'G', 300),('T', 'L', 96)
4ye4_ag_G_ab_L_H.pdb,('N', 'G', 300),('T', 'L', 96)
4ye4_ag_G_ab_L_H.pdb,('N', 'G', 300),('R', 'L', 97)
4ye4_ag_G_ab_L_H.pdb,('N', 'G', 300),('R', 'L', 97)
4ye4_ag_G_ab_L_H.pdb,('N', 'G', 301),('R', 'L', 97)
4ye4_ag_G_ab_L_H.pdb,('N', 'G', 301),('R', 'L', 97)
4ye4_ag_G_ab_L_H.pdb,('G', 'G', 299),('R', 'L', 97)
4ye4_ag_G_ab_L_H.pdb,('N', 'G', 301),('W', 'L', 98)
4ye4_ag_G_ab_L_H.pdb,('N', 'G', 301),('W', 'L', 98)
4ye4_ag_G_ab_L_H.pdb,('N', 'G', 301),('W', 'L', 98)
4ye4_ag_G_ab_L_H.pdb,('K', 'G', 303),('W', 'L', 98)
4ye4_ag_G_ab_L_H.pdb,('K', 'G', 303),('W', 'L', 98)
4ye4_ag_G_ab_L_H.pdb,('K', 'G', 303),('W', 'L', 98)
4ye4_ag_G_ab_L_H.pdb,('N', 'G', 301),('W', 'L', 98)
4ye4_ag_G_ab_L_H.pdb,('K', 'G', 303),('W', 'L', 98)
4ye4_ag_G_ab_L_H.pdb,('K', 'G', 303),('W', 'L', 98)
4ye4_ag_G_ab_L_H.pdb,('K', 'G', 303),('W', 'L', 98)
4ye4_ag_G_ab_L_H.pdb,('N', 'G', 301),('T', 'L', 99)
4ye4_ag_G_ab_L_H.pdb,('N', 'G', 302),('T', 'L', 99)
4ye4_ag_G_ab_L_H.pdb,('N', 'G', 302),('T', 'L', 99)
4ye4_ag_G_ab_L_H.pdb,('N', 'G', 300),('T', 'L', 99)
4ye4_ag_G_ab_L_H.pdb,('N', 'G', 302),('T', 'L', 99)